TIME_MS,MODE,TARGET,YAW,OUTPUT,KP,KI,KD
0,1,0.0,0.0,1000.0,8.0,0.1,1.5
10,1,0.0,-555.5407795452224,2000.0,8.0,0.1,1.5
20,1,0.0,61.75662718539816,1000.0,8.0,0.1,1.5
30,1,0.0,-500.6467047107601,2000.0,8.0,0.1,1.5
40,1,0.0,110.54804990430593,1000.0,8.0,0.1,1.5
50,1,0.0,-457.28217151732974,2000.0,8.0,0.1,1.5
60,1,0.0,149.0868734778462,1000.0,8.0,0.1,1.5
70,1,0.0,-423.0340118905101,2000.0,8.0,0.1,1.5
80,1,0.0,179.52073106227866,1000.0,8.0,0.1,1.5
90,1,0.0,-395.9902239808763,2000.0,8.0,0.1,1.5
100,1,0.0,203.55230668939151,1000.0,8.0,0.1,1.5
110,1,0.0,-374.6343311167175,2000.0,8.0,0.1,1.5
120,1,0.0,222.53214612715948,1000.0,8.0,0.1,1.5
130,1,0.0,-357.7639241752266,2000.0,8.0,0.1,1.5
140,1,0.0,237.5301671071417,1000.0,8.0,0.1,1.5
150,1,0.0,-344.42776904298347,2000.0,8.0,0.1,1.5
160,1,0.0,249.39117618102472,1000.0,8.0,0.1,1.5
170,1,0.0,-333.8765268128128,2000.0,8.0,0.1,1.5
180,1,0.0,258.77892970566984,1000.0,8.0,0.1,1.5
190,1,0.0,-325.5230294504209,2000.0,8.0,0.1,1.5
200,1,0.0,266.2122557377203,1000.0,8.0,0.1,1.5
210,1,0.0,-318.90918018263784,2000.0,8.0,0.1,1.5
220,1,0.0,272.09555851025385,1000.0,8.0,0.1,1.5
230,1,0.0,-313.6777611743778,2000.0,8.0,0.1,1.5
240,1,0.0,276.7448539153283,1000.0,8.0,0.1,1.5
250,1,0.0,-309.54850398148494,2000.0,8.0,0.1,1.5
260,1,0.0,280.40956807364773,1000.0,8.0,0.1,1.5
270,1,0.0,-306.2984913704542,2000.0,8.0,0.1,1.5
280,1,0.0,283.28985362451874,1000.0,8.0,0.1,1.5
290,1,0.0,-303.7471860459499,2000.0,8.0,0.1,1.5
300,1,0.0,285.54919747319184,1000.0,8.0,0.1,1.5
310,1,0.0,-301.7461403464427,2000.0,8.0,0.1,1.5
320,1,0.0,287.32251648972283,1000.0,8.0,0.1,1.5
330,1,0.0,-300.172892057992,2000.0,8.0,0.1,1.5
340,1,0.0,288.7205482537953,1000.0,8.0,0.1,1.5
350,1,0.0,-298.9279474651764,2000.0,8.0,0.1,1.5
360,1,0.0,289.8318752532275,1000.0,8.0,0.1,1.5
370,1,0.0,-297.9333524607606,2000.0,8.0,0.1,1.5
380,1,0.0,290.7241448347386,1000.0,8.0,0.1,1.5
390,1,0.0,-297.1313336138433,2000.0,8.0,0.1,1.5
400,1,0.0,291.44585185663567,1000.0,8.0,0.1,1.5
410,1,0.0,-296.4818900317589,2000.0,8.0,0.1,1.5
420,1,0.0,292.0294780926361,1000.0,8.0,0.1,1.5
430,1,0.0,-295.9589178866875,2000.0,8.0,0.1,1.5
440,1,0.0,292.4960111347181,1000.0,8.0,0.1,1.5
450,1,0.0,-295.54522637068777,2000.0,8.0,0.1,1.5
460,1,0.0,292.86014870168077,1000.0,8.0,0.1,1.5
470,1,0.0,-295.2273999365995,2000.0,8.0,0.1,1.5
480,1,0.0,293.1350691945725,1000.0,8.0,0.1,1.5
490,1,0.0,-294.99168038666954,2000.0,8.0,0.1,1.5
500,1,0.0,293.3356541891397,1000.0,8.0,0.1,1.5
510,1,0.0,-294.8218164850041,2000.0,8.0,0.1,1.5
520,1,0.0,293.47947344824996,1000.0,8.0,0.1,1.5
530,1,0.0,-294.69924447072657,2000.0,8.0,0.1,1.5
540,1,0.0,293.58553308587307,1000.0,8.0,0.1,1.5
550,1,0.0,-294.6052299913913,2000.0,8.0,0.1,1.5
560,1,0.0,293.6714965600784,1000.0,8.0,0.1,1.5
570,1,0.0,-294.5239811064696,2000.0,8.0,0.1,1.5
580,1,0.0,293.7505644921184,1000.0,8.0,0.1,1.5
590,1,0.0,-294.4454536014746,2000.0,8.0,0.1,1.5
600,1,0.0,293.8292733230081,1000.0,8.0,0.1,1.5
610,1,0.0,-294.3667174869509,2000.0,8.0,0.1,1.5
620,1,0.0,293.90711615471804,1000.0,8.0,0.1,1.5
630,1,0.0,-294.29128789867207,2000.0,8.0,0.1,1.5
640,1,0.0,293.9782243837189,1000.0,8.0,0.1,1.5
650,1,0.0,-294.22655977337814,2000.0,8.0,0.1,1.5
660,1,0.0,294.034606560774,1000.0,8.0,0.1,1.5
670,1,0.0,-294.1801678844077,2000.0,8.0,0.1,1.5
680,1,0.0,294.0698793231493,1000.0,8.0,0.1,1.5
690,1,0.0,-294.156484872093,2000.0,8.0,0.1,1.5
700,1,0.0,294.0822394411996,1000.0,8.0,0.1,1.5
710,1,0.0,-294.1544340619501,2000.0,8.0,0.1,1.5
720,1,0.0,294.0756801319093,1000.0,8.0,0.1,1.5
730,1,0.0,-294.16734433934425,2000.0,8.0,0.1,1.5
740,1,0.0,294.0590594366104,1000.0,8.0,0.1,1.5
750,1,0.0,-294.1848687188313,2000.0,8.0,0.1,1.5
760,1,0.0,294.04337193490164,1000.0,8.0,0.1,1.5
770,1,0.0,-294.1962734370988,2000.0,8.0,0.1,1.5
780,1,0.0,294.0381972721315,1000.0,8.0,0.1,1.5
790,1,0.0,-294.1939304537892,2000.0,8.0,0.1,1.5
800,1,0.0,294.048582257238,1000.0,8.0,0.1,1.5
810,1,0.0,-294.1757789956198,2000.0,8.0,0.1,1.5
820,1,0.0,294.0734584448219,1000.0,8.0,0.1,1.5
830,1,0.0,-294.1458849303262,2000.0,8.0,0.1,1.5
840,1,0.0,294.1061580524887,1000.0,8.0,0.1,1.5
850,1,0.0,-294.1128936166434,2000.0,8.0,0.1,1.5
860,1,0.0,294.13685594279985,1000.0,8.0,0.1,1.5
870,1,0.0,-294.086909624013,2000.0,8.0,0.1,1.5
880,1,0.0,294.1560909000136,1000.0,8.0,0.1,1.5
890,1,0.0,-294.07588773926693,2000.0,8.0,0.1,1.5
900,1,0.0,294.158141084056,1000.0,8.0,0.1,1.5
910,1,0.0,-294.0827915715162,2000.0,8.0,0.1,1.5
920,1,0.0,294.14307844206326,1000.0,8.0,0.1,1.5
930,1,0.0,-294.1045088487259,2000.0,8.0,0.1,1.5
940,1,0.0,294.1167875125103,1000.0,8.0,0.1,1.5
950,1,0.0,-294.1328995684707,2000.0,8.0,0.1,1.5
960,1,0.0,294.08894450253894,1000.0,8.0,0.1,1.5
970,1,0.0,-294.157608676378,2000.0,8.0,0.1,1.5
980,1,0.0,294.0696645402778,1000.0,8.0,0.1,1.5
990,1,0.0,-294.16965900243986,2000.0,8.0,0.1,1.5
1000,1,30.0,294.06598984254913,1000.0,8.0,0.1,1.5
1010,1,30.0,-294.16456797990236,2000.0,8.0,0.1,1.5
1020,1,30.0,294.07944679025337,1000.0,8.0,0.1,1.5
1030,1,30.0,-294.1438983131746,2000.0,8.0,0.1,1.5
1040,1,30.0,294.10552624993926,1000.0,8.0,0.1,1.5
1050,1,30.0,-294.1147000532563,2000.0,8.0,0.1,1.5
1060,1,30.0,294.13526943447954,1000.0,8.0,0.1,1.5
1070,1,30.0,-294.0870383093078,2000.0,8.0,0.1,1.5
1080,1,30.0,294.15840591208047,1000.0,8.0,0.1,1.5
1090,1,30.0,-294.07046970807227,2000.0,8.0,0.1,1.5
1100,1,30.0,294.1669480376988,1000.0,8.0,0.1,1.5
1110,1,30.0,-294.07069805666646,2000.0,8.0,0.1,1.5
1120,1,30.0,294.15798654063235,1000.0,8.0,0.1,1.5
1130,1,30.0,-294.08757715121493,2000.0,8.0,0.1,1.5
1140,1,30.0,294.13471098308963,1000.0,8.0,0.1,1.5
1150,1,30.0,-294.11515814641325,2000.0,8.0,0.1,1.5
1160,1,30.0,294.10529884648594,1000.0,8.0,0.1,1.5
1170,1,30.0,-294.1437647319963,2000.0,8.0,0.1,1.5
1180,1,30.0,294.0800615031135,1000.0,8.0,0.1,1.5
1190,1,30.0,-294.16337103412883,2000.0,8.0,0.1,1.5
1200,1,30.0,294.06784421240593,1000.0,8.0,0.1,1.5
1210,1,30.0,-294.1671021146783,2000.0,8.0,0.1,1.5
1220,1,30.0,294.0729378412529,1000.0,8.0,0.1,1.5
1230,1,30.0,-294.1536341414188,2000.0,8.0,0.1,1.5
1240,1,30.0,294.0935812238388,1000.0,8.0,0.1,1.5
1250,1,30.0,-294.1276557001879,2000.0,8.0,0.1,1.5
1260,1,30.0,294.1225774013331,1000.0,8.0,0.1,1.5
1270,1,30.0,-294.0982290358048,2000.0,8.0,0.1,1.5
1280,1,30.0,294.149808527696,1000.0,8.0,0.1,1.5
1290,1,30.0,-294.0756236372076,2000.0,8.0,0.1,1.5
1300,1,30.0,294.16577095730344,1000.0,8.0,0.1,1.5
1310,1,30.0,-294.06772824692405,2000.0,8.0,0.1,1.5
1320,1,30.0,294.16489564186367,1000.0,8.0,0.1,1.5
1330,1,30.0,-294.0772946518325,2000.0,8.0,0.1,1.5
1340,1,30.0,294.1474939543312,1000.0,8.0,0.1,1.5
1350,1,30.0,-294.10097605361454,2000.0,8.0,0.1,1.5
1360,1,30.0,294.1196492295724,1000.0,8.0,0.1,1.5
1370,1,30.0,-294.1304959241885,2000.0,8.0,0.1,1.5
1380,1,30.0,294.0910919271509,1000.0,8.0,0.1,1.5
1390,1,30.0,-294.15553901581933,2000.0,8.0,0.1,1.5
1400,1,30.0,294.07180069675803,1000.0,8.0,0.1,1.5
1410,1,30.0,-294.16735460067815,2000.0,8.0,0.1,1.5
1420,1,30.0,294.06851670278496,1000.0,8.0,0.1,1.5
1430,1,30.0,-294.16181321494577,2000.0,8.0,0.1,1.5
1440,1,30.0,294.08238886333334,1000.0,8.0,0.1,1.5
1450,1,30.0,-294.14084909117344,2000.0,8.0,0.1,1.5
1460,1,30.0,294.1085725962071,1000.0,8.0,0.1,1.5
1470,1,30.0,-294.1117843897471,2000.0,8.0,0.1,1.5
1480,1,30.0,294.13792224681583,1000.0,8.0,0.1,1.5
1490,1,30.0,-294.08477129008213,2000.0,8.0,0.1,1.5
1500,1,30.0,294.1601859884642,1000.0,8.0,0.1,1.5
1510,1,30.0,-294.0692454889239,2000.0,8.0,0.1,1.5
1520,1,30.0,294.1675871277867,1000.0,8.0,0.1,1.5
1530,1,30.0,-294.0706299978532,2000.0,8.0,0.1,1.5
1540,1,30.0,294.1575407649468,1000.0,8.0,0.1,1.5
1550,1,30.0,-294.08844069601423,2000.0,8.0,0.1,1.5
1560,1,30.0,294.1335568031242,1000.0,8.0,0.1,1.5
1570,1,30.0,-294.1164554211413,2000.0,8.0,0.1,1.5
1580,1,30.0,294.10401386174493,1000.0,8.0,0.1,1.5
1590,1,30.0,-294.14488752905754,2000.0,8.0,0.1,1.5
1600,1,30.0,294.07923240214535,1000.0,8.0,0.1,1.5
1610,1,30.0,-294.16380463362066,2000.0,8.0,0.1,1.5
1620,1,30.0,294.0678695081087,1000.0,8.0,0.1,1.5
1630,1,30.0,-294.16659826197775,2000.0,8.0,0.1,1.5
1640,1,30.0,294.0738947289726,1000.0,8.0,0.1,1.5
1650,1,30.0,-294.15229237400325,2000.0,8.0,0.1,1.5
1660,1,30.0,294.0952034109581,1000.0,8.0,0.1,1.5
1670,1,30.0,-294.12588431309126,2000.0,8.0,0.1,1.5
1680,1,30.0,294.1243519204891,1000.0,8.0,0.1,1.5
1690,1,30.0,-294.09659908393127,2000.0,8.0,0.1,1.5
1700,1,30.0,294.15115792524705,1000.0,8.0,0.1,1.5
1710,1,30.0,-294.07466678790473,2000.0,8.0,0.1,1.5
1720,1,30.0,294.1662573802944,1000.0,8.0,0.1,1.5
1730,1,30.0,-294.06774895035363,2000.0,8.0,0.1,1.5
1740,1,30.0,294.16437566193,1000.0,8.0,0.1,1.5
1750,1,30.0,-294.0782621261969,2000.0,8.0,0.1,1.5
1760,1,30.0,294.1461701483076,1000.0,8.0,0.1,1.5
1770,1,30.0,-294.1025337252762,2000.0,8.0,0.1,1.5
1780,1,30.0,294.11800058055127,1000.0,8.0,0.1,1.5
1790,1,30.0,-294.13208495178816,2000.0,8.0,0.1,1.5
1800,1,30.0,294.0897074239635,1000.0,8.0,0.1,1.5
1810,1,30.0,-294.15659269003675,2000.0,8.0,0.1,1.5
1820,1,30.0,294.0711743117674,1000.0,8.0,0.1,1.5
1830,1,30.0,-294.16749566451244,2000.0,8.0,0.1,1.5
1840,1,30.0,294.0688754087626,1000.0,8.0,0.1,1.5
1850,1,30.0,-294.1609851387653,2000.0,8.0,0.1,1.5
1860,1,30.0,294.0836138001621,1000.0,8.0,0.1,1.5
1870,1,30.0,-294.13933541585556,2000.0,8.0,0.1,1.5
1880,1,30.0,294.11024095150583,1000.0,8.0,0.1,1.5
1890,1,30.0,-294.11010935825584,2000.0,8.0,0.1,1.5
1900,1,30.0,294.1394552404112,1000.0,8.0,0.1,1.5
1910,1,30.0,-294.083516461925,2000.0,8.0,0.1,1.5
1920,1,30.0,294.1610512813076,1000.0,8.0,0.1,1.5
1930,1,30.0,-294.068846385261,2000.0,8.0,0.1,1.5
1940,1,30.0,294.1674849605637,1000.0,8.0,0.1,1.5
1950,1,30.0,-294.0712238038582,2000.0,8.0,0.1,1.5
1960,1,30.0,294.1565088126906,1000.0,8.0,0.1,1.5
1970,1,30.0,-294.08981821364773,2000.0,8.0,0.1,1.5
1980,1,30.0,294.1319571249077,1000.0,8.0,0.1,1.5
1990,1,30.0,-294.1181340496753,2000.0,8.0,0.1,1.5
2000,1,30.0,294.10240651046973,1000.0,8.0,0.1,1.5
2010,1,30.0,-294.1462797736707,2000.0,8.0,0.1,1.5
2020,1,30.0,294.0781798510379,1000.0,8.0,0.1,1.5
2030,1,30.0,-294.1644232728304,2000.0,8.0,0.1,1.5
2040,1,30.0,294.0677402172274,1000.0,8.0,0.1,1.5
2050,1,30.0,-294.16622649959885,2000.0,8.0,0.1,1.5
2060,1,30.0,294.0747344746409,1000.0,8.0,0.1,1.5
2070,1,30.0,-294.1510595339538,2000.0,8.0,0.1,1.5
2080,1,30.0,294.09671932885556,1000.0,8.0,0.1,1.5
2090,1,30.0,-294.12422063253524,2000.0,8.0,0.1,1.5
2100,1,30.0,294.12601483851165,1000.0,8.0,0.1,1.5
2110,1,30.0,-294.09508539512376,2000.0,8.0,0.1,1.5
2120,1,30.0,294.15238723982225,1000.0,8.0,0.1,1.5
2130,1,30.0,-294.07383159786394,2000.0,8.0,0.1,1.5
2140,1,30.0,294.16662389472384,1000.0,8.0,0.1,1.5
2150,1,30.0,-294.06788380321154,2000.0,8.0,0.1,1.5
2160,1,30.0,294.16375153042577,1000.0,8.0,0.1,1.5
2170,1,30.0,-294.0793197466398,2000.0,8.0,0.1,1.5
2180,1,30.0,294.14477354669873,1000.0,8.0,0.1,1.5
2190,1,30.0,-294.1041445238436,2000.0,8.0,0.1,1.5
2200,1,30.0,294.11631949948196,1000.0,8.0,0.1,1.5
2210,1,30.0,-294.13368612573385,2000.0,8.0,0.1,1.5
2220,1,30.0,294.08832920627276,1000.0,8.0,0.1,1.5
2230,1,30.0,-294.1576248206961,2000.0,8.0,0.1,1.5
2240,1,30.0,294.0705804819145,1000.0,8.0,0.1,1.5
2250,1,30.0,-294.16759813373557,2000.0,8.0,0.1,1.5
2260,1,30.0,294.06927346656965,1000.0,8.0,0.1,1.5
2270,1,30.0,-294.16012209957546,2000.0,8.0,0.1,1.5
2280,1,30.0,294.0848647383883,1000.0,8.0,0.1,1.5
2290,1,30.0,-294.13780831195754,2000.0,8.0,0.1,1.5
2300,1,30.0,294.1119078176294,1000.0,8.0,0.1,1.5
2310,1,30.0,-294.1084516188072,2000.0,8.0,0.1,1.5
2320,1,30.0,294.1409557787338,1000.0,8.0,0.1,1.5
2330,1,30.0,-294.08230715759083,2000.0,8.0,0.1,1.5
2340,1,30.0,294.161861333216,1000.0,8.0,0.1,1.5
2350,1,30.0,-294.0685079407543,2000.0,8.0,0.1,1.5
2360,1,30.0,294.16732156947234,1000.0,8.0,0.1,1.5
2370,1,30.0,-294.0718744317141,2000.0,8.0,0.1,1.5
2380,1,30.0,294.1554290699136,1000.0,8.0,0.1,1.5
2390,1,30.0,-294.0912306182997,2000.0,8.0,0.1,1.5
2400,1,30.0,294.1303382268061,1000.0,8.0,0.1,1.5
2410,1,30.0,-294.11981482763684,2000.0,8.0,0.1,1.5
2420,1,30.0,294.10081399353203,1000.0,8.0,0.1,1.5
2430,1,30.0,-294.1476417730165,2000.0,8.0,0.1,1.5
2440,1,30.0,294.07717003420487,1000.0,8.0,0.1,1.5
2450,1,30.0,-294.1649907018195,2000.0,8.0,0.1,1.5
2460,1,30.0,294.06766586406906,1000.0,8.0,0.1,1.5
2470,1,30.0,-294.1658011340737,2000.0,8.0,0.1,1.5
2480,1,30.0,294.07562156319784,1000.0,8.0,0.1,1.5
2490,1,30.0,-294.14978996246924,2000.0,8.0,0.1,1.5
2500,1,30.0,294.0982579770053,1000.0,8.0,0.1,1.5
2510,1,30.0,-294.12255034988607,2000.0,8.0,0.1,1.5
2520,1,30.0,294.12766755489986,1000.0,8.0,0.1,1.5
2530,1,30.0,-294.0935978766834,2000.0,8.0,0.1,1.5
2540,1,30.0,294.15357668520807,1000.0,8.0,0.1,1.5
2550,1,30.0,-294.07304647471517,2000.0,8.0,0.1,1.5
2560,1,30.0,294.1669345633063,1000.0,8.0,0.1,1.5
2570,1,30.0,-294.0680753399536,2000.0,8.0,0.1,1.5
2580,1,30.0,294.1630748980688,1000.0,8.0,0.1,1.5
2590,1,30.0,-294.08042103278916,2000.0,8.0,0.1,1.5
2600,1,30.0,294.14334598160815,1000.0,8.0,0.1,1.5
2610,1,30.0,-294.1057708475248,2000.0,8.0,0.1,1.5
2620,1,30.0,294.11463969205016,1000.0,8.0,0.1,1.5
2630,1,30.0,-294.1352693645531,2000.0,8.0,0.1,1.5
2640,1,30.0,294.086983962224,1000.0,8.0,0.1,1.5
2650,1,30.0,-294.1586119031973,2000.0,8.0,0.1,1.5
2660,1,30.0,294.07003973421905,1000.0,8.0,0.1,1.5
2670,1,30.0,-294.1676442431392,2000.0,8.0,0.1,1.5
2680,1,30.0,294.0697261143668,1000.0,8.0,0.1,1.5
2690,1,30.0,-294.1592111281743,2000.0,8.0,0.1,1.5
2700,1,30.0,294.08615265910515,1000.0,8.0,0.1,1.5
2710,1,30.0,-294.1362584879815,2000.0,8.0,0.1,1.5
2720,1,30.0,294.11358110376295,1000.0,8.0,0.1,1.5
2730,1,30.0,-294.1068043401312,2000.0,8.0,0.1,1.5
2740,1,30.0,294.1424299035002,1000.0,8.0,0.1,1.5
2750,1,30.0,-294.08113786586836,2000.0,8.0,0.1,1.5
2760,1,30.0,294.16262134258386,1000.0,8.0,0.1,1.5
2770,1,30.0,-294.068225103082,2000.0,8.0,0.1,1.5
2780,1,30.0,294.1671019704308,1000.0,8.0,0.1,1.5
2790,1,30.0,-294.0725768513155,2000.0,8.0,0.1,1.5
2800,1,30.0,294.15430657482597,1000.0,8.0,0.1,1.5
2810,1,30.0,-294.0926729197102,2000.0,8.0,0.1,1.5
2820,1,30.0,294.1287049555799,1000.0,8.0,0.1,1.5
2830,1,30.0,-294.1214931734082,2000.0,8.0,0.1,1.5
2840,1,30.0,294.09924049485886,1000.0,8.0,0.1,1.5
2850,1,30.0,-294.1489698686287,2000.0,8.0,0.1,1.5
2860,1,30.0,294.07620597649054,1000.0,8.0,0.1,1.5
2870,1,30.0,-294.1655046052217,2000.0,8.0,0.1,1.5
2880,1,30.0,294.06764802044825,1000.0,8.0,0.1,1.5
2890,1,30.0,-294.16532132398777,2000.0,8.0,0.1,1.5
2900,1,30.0,294.0765561669917,1000.0,8.0,0.1,1.5
2910,1,30.0,-294.1484840503349,2000.0,8.0,0.1,1.5
2920,1,30.0,294.0998185442441,1000.0,8.0,0.1,1.5
2930,1,30.0,-294.1208745283615,2000.0,8.0,0.1,1.5
2940,1,30.0,294.1293089345686,1000.0,8.0,0.1,1.5
2950,1,30.0,-294.0921375584238,2000.0,8.0,0.1,1.5
2960,1,30.0,294.15472549618096,1000.0,8.0,0.1,1.5
2970,1,30.0,-294.0723117908887,2000.0,8.0,0.1,1.5
2980,1,30.0,294.16718949287093,1000.0,8.0,0.1,1.5
2990,1,30.0,-294.0683229367473,2000.0,8.0,0.1,1.5
3000,1,30.0,294.1623468920032,1000.0,8.0,0.1,1.5
3010,1,30.0,-294.08156441751106,2000.0,8.0,0.1,1.5
3020,1,30.0,294.1418893533835,1000.0,8.0,0.1,1.5
3030,1,30.0,-294.10741060298955,2000.0,8.0,0.1,1.5
3040,1,30.0,294.11296328381866,1000.0,8.0,0.1,1.5
3050,1,30.0,-294.13683267699565,2000.0,8.0,0.1,1.5
3060,1,30.0,294.08567339161596,1000.0,8.0,0.1,1.5
3070,1,30.0,-294.1595526626006,2000.0,8.0,0.1,1.5
3080,1,30.0,294.06955282125693,1000.0,8.0,0.1,1.5
3090,1,30.0,-294.1676338151746,2000.0,8.0,0.1,1.5
3100,1,30.0,294.0702329517597,1000.0,8.0,0.1,1.5
3110,1,30.0,-294.1582531556273,2000.0,8.0,0.1,1.5
3120,1,30.0,294.0874761939722,1000.0,8.0,0.1,1.5
3130,1,30.0,-294.1346876182218,2000.0,8.0,0.1,1.5
3140,1,30.0,294.1152589872984,1000.0,8.0,0.1,1.5
3150,1,30.0,-294.10516932315863,2000.0,8.0,0.1,1.5
3160,1,30.0,294.1438760027134,1000.0,8.0,0.1,1.5
3170,1,30.0,-294.08000986015,2000.0,8.0,0.1,1.5
3180,1,30.0,294.16333049341614,1000.0,8.0,0.1,1.5
3190,1,30.0,-294.0679981534672,2000.0,8.0,0.1,1.5
3200,1,30.0,294.1668264460949,1000.0,8.0,0.1,1.5
3210,1,30.0,-294.0733302378335,2000.0,8.0,0.1,1.5
3220,1,30.0,294.1531426238998,1000.0,8.0,0.1,1.5
3230,1,30.0,-294.09414346277464,2000.0,8.0,0.1,1.5
3240,1,30.0,294.1270591796096,1000.0,8.0,0.1,1.5
3250,1,30.0,-294.12316717001846,2000.0,8.0,0.1,1.5
3260,1,30.0,294.0976878107403,1000.0,8.0,0.1,1.5
3270,1,30.0,-294.1502625436074,2000.0,8.0,0.1,1.5
3280,1,30.0,294.0752887814575,1000.0,8.0,0.1,1.5
3290,1,30.0,-294.1659643900081,2000.0,8.0,0.1,1.5
3300,1,30.0,294.0676867171139,1000.0,8.0,0.1,1.5
3310,1,30.0,-294.16478760252784,2000.0,8.0,0.1,1.5
3320,1,30.0,294.0775372374973,1000.0,8.0,0.1,1.5
3330,1,30.0,-294.14714326688977,2000.0,8.0,0.1,1.5
3340,1,30.0,294.1013992724367,1000.0,8.0,0.1,1.5
3350,1,30.0,-294.11919505716304,2000.0,8.0,0.1,1.5
3360,1,30.0,294.13093712661265,1000.0,8.0,0.1,1.5
3370,1,30.0,-294.09070608708026,2000.0,8.0,0.1,1.5
3380,1,30.0,294.15583237775206,1000.0,8.0,0.1,1.5
3390,1,30.0,-294.07162837352416,2000.0,8.0,0.1,1.5
3400,1,30.0,294.1673883983911,1000.0,8.0,0.1,1.5
3410,1,30.0,-294.06862631070913,2000.0,8.0,0.1,1.5
3420,1,30.0,294.1615683380518,1000.0,8.0,0.1,1.5
3430,1,30.0,-294.0827486055464,2000.0,8.0,0.1,1.5
3440,1,30.0,294.1404053112547,1000.0,8.0,0.1,1.5
3450,1,30.0,-294.10906193414826,2000.0,8.0,0.1,1.5
3460,1,30.0,294.1112921721243,1000.0,8.0,0.1,1.5
3470,1,30.0,-294.13837429379487,2000.0,8.0,0.1,1.5
3480,1,30.0,294.08439897774906,1000.0,8.0,0.1,1.5
3490,1,30.0,-294.1604460339399,2000.0,8.0,0.1,1.5
3500,1,30.0,294.0691202946463,1000.0,8.0,0.1,1.5
3510,1,30.0,-294.1675668607426,2000.0,8.0,0.1,1.5
3520,1,30.0,294.07079340639433,1000.0,8.0,0.1,1.5
3530,1,30.0,-294.1572492645334,2000.0,8.0,0.1,1.5
3540,1,30.0,294.08883384692376,1000.0,8.0,0.1,1.5
3550,1,30.0,-294.13309747850724,2000.0,8.0,0.1,1.5
3560,1,30.0,294.116939571331,1000.0,8.0,0.1,1.5
3570,1,30.0,-294.10354841637434,2000.0,8.0,0.1,1.5
3580,1,30.0,294.14529244147377,1000.0,8.0,0.1,1.5
3590,1,30.0,-294.0789244156695,2000.0,8.0,0.1,1.5
3600,1,30.0,294.1639879840941,1000.0,8.0,0.1,1.5
3610,1,30.0,-294.06782734827596,2000.0,8.0,0.1,1.5
3620,1,30.0,294.16649530828045,1000.0,8.0,0.1,1.5
3630,1,30.0,-294.0741337390989,2000.0,8.0,0.1,1.5
3640,1,30.0,294.15193853355845,1000.0,8.0,0.1,1.5
3650,1,30.0,-294.0956405843878,2000.0,8.0,0.1,1.5
3660,1,30.0,294.1254027601395,1000.0,8.0,0.1,1.5
3670,1,30.0,-294.1248349243275,2000.0,8.0,0.1,1.5
3680,1,30.0,294.09615769711786,1000.0,8.0,0.1,1.5
3690,1,30.0,-294.1515183360506,2000.0,8.0,0.1,1.5
3700,1,30.0,294.0744194863927,1000.0,8.0,0.1,1.5
3710,1,30.0,-294.16636953615557,2000.0,8.0,0.1,1.5
3720,1,30.0,294.06778191038256,1000.0,8.0,0.1,1.5
3730,1,30.0,-294.1642005731742,2000.0,8.0,0.1,1.5
3740,1,30.0,294.0785636653521,1000.0,8.0,0.1,1.5
3750,1,30.0,-294.1457691282772,2000.0,8.0,0.1,1.5
3760,1,30.0,294.10299837409735,1000.0,8.0,0.1,1.5
3770,1,30.0,-294.11751383544316,2000.0,8.0,0.1,1.5
3780,1,30.0,294.1325502898627,1000.0,8.0,0.1,1.5
3790,1,30.0,-294.0893050813688,2000.0,8.0,0.1,1.5
3800,1,30.0,294.15689607825726,1000.0,8.0,0.1,1.5
3810,1,30.0,-294.0709969954234,2000.0,8.0,0.1,1.5
3820,1,30.0,294.1675310549621,1000.0,8.0,0.1,1.5
3830,1,30.0,-294.0689851187545,2000.0,8.0,0.1,1.5
3840,1,30.0,294.1607401166441,1000.0,8.0,0.1,1.5
3850,1,30.0,-294.08397225776463,2000.0,8.0,0.1,1.5
3860,1,30.0,294.13889553343415,1000.0,8.0,0.1,1.5
3870,1,30.0,-294.1107229736149,2000.0,8.0,0.1,1.5
3880,1,30.0,294.10962824672015,1000.0,8.0,0.1,1.5
3890,1,30.0,-294.1398924716358,2000.0,8.0,0.1,1.5
3900,1,30.0,294.08316216177644,1000.0,8.0,0.1,1.5
3910,1,30.0,-294.161291006957,2000.0,8.0,0.1,1.5
3920,1,30.0,294.06874264350785,1000.0,8.0,0.1,1.5
3930,1,30.0,-294.167443455551,2000.0,8.0,0.1,1.5
3940,1,30.0,294.07140684449774,1000.0,8.0,0.1,1.5
3950,1,30.0,-294.1562005901169,2000.0,8.0,0.1,1.5
3960,1,30.0,294.0902240826909,1000.0,8.0,0.1,1.5
3970,1,30.0,-294.1314898670101,2000.0,8.0,0.1,1.5
3980,1,30.0,294.118620955411,1000.0,8.0,0.1,1.5
3990,1,30.0,-294.10194345274374,2000.0,8.0,0.1,1.5
4000,1,30.0,294.14667761803383,1000.0,8.0,0.1,1.5
4010,1,30.0,-294.0778827598768,2000.0,8.0,0.1,1.5
4020,1,30.0,294.16459307110995,1000.0,8.0,0.1,1.5
4030,1,30.0,-294.06771288065806,2000.0,8.0,0.1,1.5
4040,1,30.0,294.166108931449,1000.0,8.0,0.1,1.5
4050,1,30.0,-294.074986446488,2000.0,8.0,0.1,1.5
4060,1,30.0,294.1506956654231,1000.0,8.0,0.1,1.5
4070,1,30.0,-294.09716259156045,2000.0,8.0,0.1,1.5
4080,1,30.0,294.12373757029746,1000.0,8.0,0.1,1.5
4090,1,30.0,-294.12649455038974,2000.0,8.0,0.1,1.5
4100,1,30.0,294.09465188428874,1000.0,8.0,0.1,1.5
4110,1,30.0,-294.1527358258712,2000.0,8.0,0.1,1.5
4120,1,30.0,294.0735990743202,1000.0,8.0,0.1,1.5
4130,1,30.0,-294.16671958551285,2000.0,8.0,0.1,1.5
4140,1,30.0,294.06793349260704,1000.0,8.0,0.1,1.5
4150,1,30.0,-294.1635608997566,2000.0,8.0,0.1,1.5
4160,1,30.0,294.0796342898415,1000.0,8.0,0.1,1.5
4170,1,30.0,-294.144363188413,2000.0,8.0,0.1,1.5
4180,1,30.0,294.10461404091546,1000.0,8.0,0.1,1.5
4190,1,30.0,-294.1158327643761,2000.0,8.0,0.1,1.5
4200,1,30.0,294.1341466001069,1000.0,8.0,0.1,1.5
4210,1,30.0,-294.08793612558736,2000.0,8.0,0.1,1.5
4220,1,30.0,294.15791539483314,1000.0,8.0,0.1,1.5
4230,1,30.0,-294.07041837056704,2000.0,8.0,0.1,1.5
4240,1,30.0,294.1676173012638,1000.0,8.0,0.1,1.5
4250,1,30.0,-294.0693989551328,2000.0,8.0,0.1,1.5
4260,1,30.0,294.1598631643571,1000.0,8.0,0.1,1.5
4270,1,30.0,-294.0852339904244,2000.0,8.0,0.1,1.5
4280,1,30.0,294.13736172722236,1000.0,8.0,0.1,1.5
4290,1,30.0,-294.11239184303787,2000.0,8.0,0.1,1.5
4300,1,30.0,294.1079733892213,1000.0,8.0,0.1,1.5
4310,1,30.0,-294.1413854937188,2000.0,8.0,0.1,1.5
4320,1,30.0,294.08196434232536,1000.0,8.0,0.1,1.5
4330,1,30.0,-294.16208662613195,2000.0,8.0,0.1,1.5
4340,1,30.0,294.0684202949003,1000.0,8.0,0.1,1.5
4350,1,30.0,-294.16726373915,2000.0,8.0,0.1,1.5
4360,1,30.0,294.07207257237644,1000.0,8.0,0.1,1.5
4370,1,30.0,-294.15510831824923,2000.0,8.0,0.1,1.5
4380,1,30.0,294.09164532915463,1000.0,8.0,0.1,1.5
4390,1,30.0,-294.12986660166405,2000.0,8.0,0.1,1.5
4400,1,30.0,294.1203012381805,1000.0,8.0,0.1,1.5
4410,1,30.0,-294.10035624720626,2000.0,8.0,0.1,1.5
4420,1,30.0,294.14802996599565,1000.0,8.0,0.1,1.5
4430,1,30.0,-294.07688607070634,2000.0,8.0,0.1,1.5
4440,1,30.0,294.1651450702137,1000.0,8.0,0.1,1.5
4450,1,30.0,-294.06765488005686,2000.0,8.0,0.1,1.5
4460,1,30.0,294.16566775252676,1000.0,8.0,0.1,1.5
4470,1,30.0,-294.0758873957347,2000.0,8.0,0.1,1.5
4480,1,30.0,294.14941542496507,1000.0,8.0,0.1,1.5
4490,1,30.0,-294.0987077631626,2000.0,8.0,0.1,1.5
4500,1,30.0,294.1220654931284,1000.0,8.0,0.1,1.5
4510,1,30.0,-294.128144171452,2000.0,8.0,0.1,1.5
4520,1,30.0,294.0931720750698,1000.0,8.0,0.1,1.5
4530,1,30.0,-294.1539136362965,2000.0,8.0,0.1,1.5
4540,1,30.0,294.0728284729859,1000.0,8.0,0.1,1.5
4550,1,30.0,-294.1670141422339,2000.0,8.0,0.1,1.5
4560,1,30.0,294.06814129237387,1000.0,8.0,0.1,1.5
4570,1,30.0,-294.1628693056362,2000.0,8.0,0.1,1.5
4580,1,30.0,294.08074790027234,1000.0,8.0,0.1,1.5
4590,1,30.0,-294.1429270371748,2000.0,8.0,0.1,1.5
4600,1,30.0,294.1062444458482,1000.0,8.0,0.1,1.5
4610,1,30.0,-294.11415374496585,2000.0,8.0,0.1,1.5
4620,1,30.0,294.1357242521913,1000.0,8.0,0.1,1.5
4630,1,30.0,-294.08660076779074,2000.0,8.0,0.1,1.5
4640,1,30.0,294.1588891748069,1000.0,8.0,0.1,1.5
4650,1,30.0,-294.06989315328093,2000.0,8.0,0.1,1.5
4660,1,30.0,294.1676470397663,1000.0,8.0,0.1,1.5
4670,1,30.0,-294.0698673518658,2000.0,8.0,0.1,1.5
4680,1,30.0,294.15893847287373,1000.0,8.0,0.1,1.5
4690,1,30.0,-294.0865323767219,2000.0,8.0,0.1,1.5
4700,1,30.0,294.1358056270919,1000.0,8.0,0.1,1.5
4710,1,30.0,-294.1140666552112,2000.0,8.0,0.1,1.5
4720,1,30.0,294.1063294709885,1000.0,8.0,0.1,1.5
4730,1,30.0,-294.14285167169135,2000.0,8.0,0.1,1.5
4740,1,30.0,294.0808068739248,1000.0,8.0,0.1,1.5
4750,1,30.0,-294.1628319917556,2000.0,8.0,0.1,1.5
4760,1,30.0,294.0681536133449,1000.0,8.0,0.1,1.5
4770,1,30.0,-294.1670279147681,2000.0,8.0,0.1,1.5
4780,1,30.0,294.07278983720596,1000.0,8.0,0.1,1.5
4790,1,30.0,-294.15397368410316,2000.0,8.0,0.1,1.5
4800,1,30.0,294.0930959791283,1000.0,8.0,0.1,1.5
4810,1,30.0,-294.1282295181046,2000.0,8.0,0.1,1.5
4820,1,30.0,294.12197851952703,1000.0,8.0,0.1,1.5
4830,1,30.0,-294.09878859462003,2000.0,8.0,0.1,1.5
4840,1,30.0,294.149347956085,1000.0,8.0,0.1,1.5
4850,1,30.0,-294.0759354752433,2000.0,8.0,0.1,1.5
4860,1,30.0,294.1656433571889,1000.0,8.0,0.1,1.5
4870,1,30.0,-294.067653412061,2000.0,8.0,0.1,1.5
4880,1,30.0,294.1651722704115,1000.0,8.0,0.1,1.5
4890,1,30.0,-294.0768355680193,2000.0,8.0,0.1,1.5
4900,1,30.0,294.1480992599174,1000.0,8.0,0.1,1.5
4910,1,30.0,-294.1002743518696,2000.0,8.0,0.1,1.5
4920,1,30.0,294.1203884194657,1000.0,8.0,0.1,1.5
4930,1,30.0,-294.12978192207487,2000.0,8.0,0.1,1.5
4940,1,30.0,294.0917199428722,1000.0,8.0,0.1,1.5
4950,1,30.0,-294.1550504354244,2000.0,8.0,0.1,1.5
4960,1,30.0,294.07210855380816,1000.0,8.0,0.1,1.5
4970,1,30.0,-294.1672528732255,2000.0,8.0,0.1,1.5
4980,1,30.0,294.0684050746969,1000.0,8.0,0.1,1.5
4990,1,30.0,-294.1621265728878,2000.0,8.0,0.1,1.5
5000,1,0.0,294.08190323734175,1000.0,8.0,0.1,1.5
5010,1,0.0,-294.141462298604,2000.0,8.0,0.1,1.5
5020,1,0.0,294.10788774518625,1000.0,8.0,0.1,1.5
5030,1,0.0,-294.11247867589617,2000.0,8.0,0.1,1.5
5040,1,0.0,294.13728146206137,1000.0,8.0,0.1,1.5
5050,1,0.0,-294.08530051804036,2000.0,8.0,0.1,1.5
5060,1,0.0,294.15981631700004,1000.0,8.0,0.1,1.5
5070,1,0.0,-294.06942193749603,2000.0,8.0,0.1,1.5
5080,1,0.0,294.1676202368404,1000.0,8.0,0.1,1.5
5090,1,0.0,-294.070389779277,2000.0,8.0,0.1,1.5
5100,1,0.0,294.15796708786195,1000.0,8.0,0.1,1.5
5110,1,0.0,-294.0878659484041,2000.0,8.0,0.1,1.5
5120,1,0.0,294.1342289927258,1000.0,8.0,0.1,1.5
5130,1,0.0,-294.11574551620885,2000.0,8.0,0.1,1.5
5140,1,0.0,294.1046983510122,1000.0,8.0,0.1,1.5
5150,1,0.0,-294.1442893475567,2000.0,8.0,0.1,1.5
5160,1,0.0,294.07969106547364,1000.0,8.0,0.1,1.5
5170,1,0.0,-294.16352626094675,2000.0,8.0,0.1,1.5
5180,1,0.0,294.0679429004129,1000.0,8.0,0.1,1.5
5190,1,0.0,-294.1667362490823,2000.0,8.0,0.1,1.5
5200,1,0.0,294.07355782788244,1000.0,8.0,0.1,1.5
5210,1,0.0,-294.1527979707558,2000.0,8.0,0.1,1.5
5220,1,0.0,294.09457439217476,1000.0,8.0,0.1,1.5
5230,1,0.0,-294.1265804675933,2000.0,8.0,0.1,1.5
5240,1,0.0,294.12365090273215,1000.0,8.0,0.1,1.5
5250,1,0.0,-294.09724226773193,2000.0,8.0,0.1,1.5
5260,1,0.0,294.1506300978805,1000.0,8.0,0.1,1.5
5270,1,0.0,-294.07503204844846,2000.0,8.0,0.1,1.5
5280,1,0.0,294.1660873685581,1000.0,8.0,0.1,1.5
5290,1,0.0,-294.0677084783307,2000.0,8.0,0.1,1.5
5300,1,0.0,294.16462304540886,1000.0,8.0,0.1,1.5
5310,1,0.0,-294.07782989112116,2000.0,8.0,0.1,1.5
5320,1,0.0,294.1467486586376,1000.0,8.0,0.1,1.5
5330,1,0.0,-294.1018605861373,2000.0,8.0,0.1,1.5
5340,1,0.0,294.1187082457929,1000.0,8.0,0.1,1.5
5350,1,0.0,-294.13140595024254,2000.0,8.0,0.1,1.5
5360,1,0.0,294.09029712980913,1000.0,8.0,0.1,1.5
5370,1,0.0,-294.15614493772944,2000.0,8.0,0.1,1.5
5380,1,0.0,294.07144013089237,1000.0,8.0,0.1,1.5
5390,1,0.0,-294.1674355085237,2000.0,8.0,0.1,1.5
5400,1,0.0,294.06872454128353,1000.0,8.0,0.1,1.5
5410,1,0.0,-294.1613335414151,2000.0,8.0,0.1,1.5
5420,1,0.0,294.08309899456094,1000.0,8.0,0.1,1.5
5430,1,0.0,-294.1399706290694,2000.0,8.0,0.1,1.5
5440,1,0.0,294.1095420806392,1000.0,8.0,0.1,1.5
5450,1,0.0,-294.11080945138383,2000.0,8.0,0.1,1.5
5460,1,0.0,294.1388164687788,1000.0,8.0,0.1,1.5
5470,1,0.0,-294.0840368466962,2000.0,8.0,0.1,1.5
5480,1,0.0,294.1606957729732,1000.0,8.0,0.1,1.5
5490,1,0.0,-294.0690052560767,2000.0,8.0,0.1,1.5
5500,1,0.0,294.1675369227957,1000.0,8.0,0.1,1.5
5510,1,0.0,-294.0709656465902,2000.0,8.0,0.1,1.5
5520,1,0.0,294.15695010779217,1000.0,8.0,0.1,1.5
5530,1,0.0,-294.0892331974296,2000.0,8.0,0.1,1.5
5540,1,0.0,294.132633607028,1000.0,8.0,0.1,1.5
5550,1,0.0,-294.11742652752594,2000.0,8.0,0.1,1.5
5560,1,0.0,294.1030818738102,1000.0,8.0,0.1,1.5
5570,1,0.0,-294.1456968955494,2000.0,8.0,0.1,1.5
5580,1,0.0,294.0786181787604,1000.0,8.0,0.1,1.5
5590,1,0.0,-294.16416864860577,2000.0,8.0,0.1,1.5
5600,1,0.0,294.0677883943845,1000.0,8.0,0.1,1.5
5610,1,0.0,-294.16638907191674,2000.0,8.0,0.1,1.5
5620,1,0.0,294.0743756759398,1000.0,8.0,0.1,1.5
5630,1,0.0,-294.1515825077379,2000.0,8.0,0.1,1.5
5640,1,0.0,294.0960788964618,1000.0,8.0,0.1,1.5
5650,1,0.0,-294.1249213149244,2000.0,8.0,0.1,1.5
5660,1,0.0,294.1253164966165,1000.0,8.0,0.1,1.5
5670,1,0.0,-294.0957190151733,2000.0,8.0,0.1,1.5
5680,1,0.0,294.15187494149893,1000.0,8.0,0.1,1.5
5690,1,0.0,-294.0741768119431,2000.0,8.0,0.1,1.5
5700,1,0.0,294.16647660222037,1000.0,8.0,0.1,1.5
5710,1,0.0,-294.0678200165953,2000.0,8.0,0.1,1.5
5720,1,0.0,294.1640206985984,1000.0,8.0,0.1,1.5
5730,1,0.0,-294.07886924063087,2000.0,8.0,0.1,1.5
5740,1,0.0,294.1453651484249,1000.0,8.0,0.1,1.5
5750,1,0.0,-294.10346467220614,2000.0,8.0,0.1,1.5
5760,1,0.0,294.11702687209913,1000.0,8.0,0.1,1.5
5770,1,0.0,-294.1330144194568,2000.0,8.0,0.1,1.5
5780,1,0.0,294.08890524483894,1000.0,8.0,0.1,1.5
5790,1,0.0,-294.15719590551663,2000.0,8.0,0.1,1.5
5800,1,0.0,294.07082396011066,1000.0,8.0,0.1,1.5
5810,1,0.0,-294.1675618415992,2000.0,8.0,0.1,1.5
5820,1,0.0,294.06909933087167,1000.0,8.0,0.1,1.5
5830,1,0.0,-294.16049110800105,2000.0,8.0,0.1,1.5
5840,1,0.0,294.08433381973305,1000.0,8.0,0.1,1.5
5850,1,0.0,-294.1384537153943,2000.0,8.0,0.1,1.5
5860,1,0.0,294.11120558143654,1000.0,8.0,0.1,1.5
5870,1,0.0,-294.1091479590362,2000.0,8.0,0.1,1.5
5880,1,0.0,294.1403275365136,1000.0,8.0,0.1,1.5
5890,1,0.0,-294.0828111827546,2000.0,8.0,0.1,1.5
5900,1,0.0,294.16152654821207,1000.0,8.0,0.1,1.5
5910,1,0.0,-294.0686435802184,2000.0,8.0,0.1,1.5
5920,1,0.0,294.1673971918461,1000.0,8.0,0.1,1.5
5930,1,0.0,-294.07159430259804,2000.0,8.0,0.1,1.5
5940,1,0.0,294.1558886826949,1000.0,8.0,0.1,1.5
5950,1,0.0,-294.0906325776735,2000.0,8.0,0.1,1.5
5960,1,0.0,294.13102127410696,1000.0,8.0,0.1,1.5
5970,1,0.0,-294.11910778822624,2000.0,8.0,0.1,1.5
5980,1,0.0,294.10148186734176,1000.0,8.0,0.1,1.5
5990,1,0.0,-294.14707272397334,2000.0,8.0,0.1,1.5
6000,1,0.0,294.0775894270365,1000.0,8.0,0.1,1.5
6010,1,0.0,-294.164758428302,2000.0,8.0,0.1,1.5
6020,1,0.0,294.06769026997966,1000.0,8.0,0.1,1.5
6030,1,0.0,-294.1659867758693,2000.0,8.0,0.1,1.5
6040,1,0.0,294.07524245653167,1000.0,8.0,0.1,1.5
6050,1,0.0,-294.1503286695303,2000.0,8.0,0.1,1.5
6060,1,0.0,294.0976077906522,1000.0,8.0,0.1,1.5
6070,1,0.0,-294.1232539363157,2000.0,8.0,0.1,1.5
6080,1,0.0,294.12697341767824,1000.0,8.0,0.1,1.5
6090,1,0.0,-294.09422055948227,2000.0,8.0,0.1,1.5
6100,1,0.0,294.15308107923516,1000.0,8.0,0.1,1.5
6110,1,0.0,-294.07337073285356,2000.0,8.0,0.1,1.5
6120,1,0.0,294.166810618019,1000.0,8.0,0.1,1.5
6130,1,0.0,-294.0679879007241,2000.0,8.0,0.1,1.5
6140,1,0.0,294.1633659111313,1000.0,8.0,0.1,1.5
6150,1,0.0,-294.0799524412219,2000.0,8.0,0.1,1.5
6160,1,0.0,294.1439502937927,1000.0,8.0,0.1,1.5
6170,1,0.0,-294.105084796129,2000.0,8.0,0.1,1.5
6180,1,0.0,294.1153461997305,1000.0,8.0,0.1,1.5
6190,1,0.0,-294.134605510814,2000.0,8.0,0.1,1.5
6200,1,0.0,294.08754586194544,1000.0,8.0,0.1,1.5
6210,1,0.0,-294.15820215032113,2000.0,8.0,0.1,1.5
6220,1,0.0,294.0702607382467,1000.0,8.0,0.1,1.5
6230,1,0.0,-294.16763172959094,2000.0,8.0,0.1,1.5
6240,1,0.0,294.0695290196383,1000.0,8.0,0.1,1.5
6250,1,0.0,-294.15960022529384,2000.0,8.0,0.1,1.5
6260,1,0.0,294.0856063164819,1000.0,8.0,0.1,1.5
6270,1,0.0,-294.13691327294856,2000.0,8.0,0.1,1.5
6280,1,0.0,294.11287636644323,1000.0,8.0,0.1,1.5
6290,1,0.0,-294.1074960777171,2000.0,8.0,0.1,1.5
6300,1,0.0,294.1418129565066,1000.0,8.0,0.1,1.5
6310,1,0.0,-294.0816249122318,2000.0,8.0,0.1,1.5
6320,1,0.0,294.1623077032519,1000.0,8.0,0.1,1.5
6330,1,0.0,-294.06833731891476,2000.0,8.0,0.1,1.5
6340,1,0.0,294.1672012020034,1000.0,8.0,0.1,1.5
6350,1,0.0,-294.07227503639814,2000.0,8.0,0.1,1.5
6360,1,0.0,294.1547840128605,1000.0,8.0,0.1,1.5
6370,1,0.0,-294.0920625066761,2000.0,8.0,0.1,1.5
6380,1,0.0,294.12939381723544,1000.0,8.0,0.1,1.5
6390,1,0.0,-294.1207873970914,2000.0,8.0,0.1,1.5
6400,1,0.0,294.0999001409406,1000.0,8.0,0.1,1.5
6410,1,0.0,-294.14841527700185,2000.0,8.0,0.1,1.5
6420,1,0.0,294.07660597364423,1000.0,8.0,0.1,1.5
6430,1,0.0,-294.1652949330955,2000.0,8.0,0.1,1.5
6440,1,0.0,294.0676486381603,1000.0,8.0,0.1,1.5
6450,1,0.0,-294.1655298158681,2000.0,8.0,0.1,1.5
6460,1,0.0,294.0761571894775,1000.0,8.0,0.1,1.5
6470,1,0.0,-294.14903787400965,2000.0,8.0,0.1,1.5
6480,1,0.0,294.0991593458282,1000.0,8.0,0.1,1.5
6490,1,0.0,-294.1215802172873,2000.0,8.0,0.1,1.5
6500,1,0.0,294.1286197922229,1000.0,8.0,0.1,1.5
6510,1,0.0,-294.0927485951561,2000.0,8.0,0.1,1.5
6520,1,0.0,294.15424714715357,1000.0,8.0,0.1,1.5
6530,1,0.0,-294.0726147227173,2000.0,8.0,0.1,1.5
6540,1,0.0,294.1670890382393,1000.0,8.0,0.1,1.5
6550,1,0.0,-294.06821194086893,2000.0,8.0,0.1,1.5
6560,1,0.0,294.16265942346024,1000.0,8.0,0.1,1.5
6570,1,0.0,-294.0810782679796,2000.0,8.0,0.1,1.5
6580,1,0.0,294.14250569469965,1000.0,8.0,0.1,1.5
6590,1,0.0,-294.1067191258228,2000.0,8.0,0.1,1.5
6600,1,0.0,294.11366812923995,1000.0,8.0,0.1,1.5
6610,1,0.0,-294.13617742506193,2000.0,8.0,0.1,1.5
6620,1,0.0,294.08622051835823,1000.0,8.0,0.1,1.5
6630,1,0.0,-294.1591625342521,2000.0,8.0,0.1,1.5
6640,1,0.0,294.06975110220816,1000.0,8.0,0.1,1.5
6650,1,0.0,-294.1676450934675,2000.0,8.0,0.1,1.5
6660,1,0.0,294.070013121679,1000.0,8.0,0.1,1.5
6670,1,0.0,-294.1586619007294,2000.0,8.0,0.1,1.5
6680,1,0.0,294.08691504583135,1000.0,8.0,0.1,1.5
6690,1,0.0,-294.13535104370925,2000.0,8.0,0.1,1.5
6700,1,0.0,294.11455254628726,1000.0,8.0,0.1,1.5
6710,1,0.0,-294.1058556754218,2000.0,8.0,0.1,1.5
6720,1,0.0,294.14327104900167,1000.0,8.0,0.1,1.5
6730,1,0.0,-294.08047937659694,2000.0,8.0,0.1,1.5
6740,1,0.0,294.16303835473997,1000.0,8.0,0.1,1.5
6750,1,0.0,-294.06808681849486,2000.0,8.0,0.1,1.5
6760,1,0.0,294.1669491748987,1000.0,8.0,0.1,1.5
6770,1,0.0,-294.07300707819684,2000.0,8.0,0.1,1.5
6780,1,0.0,294.1536373474815,1000.0,8.0,0.1,1.5
6790,1,0.0,-294.09352136743206,2000.0,8.0,0.1,1.5
6800,1,0.0,294.12775307678885,1000.0,8.0,0.1,1.5
6810,1,0.0,-294.122463454771,2000.0,8.0,0.1,1.5
6820,1,0.0,294.09833848326883,1000.0,8.0,0.1,1.5
6830,1,0.0,-294.149723036437,2000.0,8.0,0.1,1.5
6840,1,0.0,294.07566893070117,1000.0,8.0,0.1,1.5
6850,1,0.0,-294.16577755629106,2000.0,8.0,0.1,1.5
6860,1,0.0,294.06766354600484,1000.0,8.0,0.1,1.5
6870,1,0.0,-294.16501870865676,2000.0,8.0,0.1,1.5
6880,1,0.0,294.0771188403707,1000.0,8.0,0.1,1.5
6890,1,0.0,-294.1477115808449,2000.0,8.0,0.1,1.5
6900,1,0.0,294.10073180744615,1000.0,8.0,0.1,1.5
6910,1,0.0,-294.11990205052933,2000.0,8.0,0.1,1.5
6920,1,0.0,294.13025375848247,1000.0,8.0,0.1,1.5
6930,1,0.0,-294.09130478673455,2000.0,8.0,0.1,1.5
6940,1,0.0,294.15537182663076,1000.0,8.0,0.1,1.5
6950,1,0.0,-294.0719096364525,2000.0,8.0,0.1,1.5
6960,1,0.0,294.16731154803546,1000.0,8.0,0.1,1.5
6970,1,0.0,-294.0684918836787,2000.0,8.0,0.1,1.5
6980,1,0.0,294.161902034502,1000.0,8.0,0.1,1.5
6990,1,0.0,-294.08224544778636,2000.0,8.0,0.1,1.5
7000,1,0.0,294.1410329847403,1000.0,8.0,0.1,1.5
7010,1,0.0,-294.10836581314015,2000.0,8.0,0.1,1.5
7020,1,0.0,294.11199455823845,1000.0,8.0,0.1,1.5
7030,1,0.0,-294.1377283846344,2000.0,8.0,0.1,1.5
7040,1,0.0,294.0849307128143,1000.0,8.0,0.1,1.5
7050,1,0.0,-294.1600759712797,2000.0,8.0,0.1,1.5
7060,1,0.0,294.06929562830624,1000.0,8.0,0.1,1.5
7070,1,0.0,-294.16760191811665,2000.0,8.0,0.1,1.5
7080,1,0.0,294.0705510895571,1000.0,8.0,0.1,1.5
7090,1,0.0,-294.15767719539235,2000.0,8.0,0.1,1.5
7100,1,0.0,294.0882585278322,1000.0,8.0,0.1,1.5
7110,1,0.0,-294.1337687942904,2000.0,8.0,0.1,1.5
7120,1,0.0,294.11623222549576,1000.0,8.0,0.1,1.5
7130,1,0.0,-294.10422860716477,2000.0,8.0,0.1,1.5
7140,1,0.0,294.14470016514565,1000.0,8.0,0.1,1.5
7150,1,0.0,-294.0793758712549,2000.0,8.0,0.1,1.5
7160,1,0.0,294.1637176764343,1000.0,8.0,0.1,1.5
7170,1,0.0,-294.06789236223193,2000.0,8.0,0.1,1.5
7180,1,0.0,294.1666413955314,1000.0,8.0,0.1,1.5
7190,1,0.0,-294.0737896001801,2000.0,8.0,0.1,1.5
7200,1,0.0,294.15244998324044,1000.0,8.0,0.1,1.5
7210,1,0.0,-294.09500751021955,2000.0,8.0,0.1,1.5
7220,1,0.0,294.12610090816406,1000.0,8.0,0.1,1.5
7230,1,0.0,-294.1241340659304,2000.0,8.0,0.1,1.5
7240,1,0.0,294.0967986602942,1000.0,8.0,0.1,1.5
7250,1,0.0,-294.15099452342656,2000.0,8.0,0.1,1.5
7260,1,0.0,294.07477935784266,1000.0,8.0,0.1,1.5
7270,1,0.0,-294.1662057521244,2000.0,8.0,0.1,1.5
7280,1,0.0,294.0677349766551,1000.0,8.0,0.1,1.5
7290,1,0.0,-294.1644540322101,2000.0,8.0,0.1,1.5
7300,1,0.0,294.0781263217485,1000.0,8.0,0.1,1.5
7310,1,0.0,-294.1463512898468,2000.0,8.0,0.1,1.5
7320,1,0.0,294.10232339732084,1000.0,8.0,0.1,1.5
7330,1,0.0,-294.1182213337613,2000.0,8.0,0.1,1.5
7340,1,0.0,294.13187346872047,1000.0,8.0,0.1,1.5
7350,1,0.0,-294.0898907669182,2000.0,8.0,0.1,1.5
7360,1,0.0,294.15645384584656,1000.0,8.0,0.1,1.5
7370,1,0.0,-294.07125627139123,2000.0,8.0,0.1,1.5
7380,1,0.0,294.1674778957871,1000.0,8.0,0.1,1.5
7390,1,0.0,-294.06882741258585,2000.0,8.0,0.1,1.5
7400,1,0.0,294.16109460073403,1000.0,8.0,0.1,1.5
7410,1,0.0,-294.08345266076145,2000.0,8.0,0.1,1.5
7420,1,0.0,294.1395338292978,1000.0,8.0,0.1,1.5
7430,1,0.0,-294.11002299595924,2000.0,8.0,0.1,1.5
7440,1,0.0,294.11032737924853,1000.0,8.0,0.1,1.5
7450,1,0.0,-294.13925663566135,2000.0,8.0,0.1,1.5
7460,1,0.0,294.08367790386313,1000.0,8.0,0.1,1.5
7470,1,0.0,-294.16094142846265,2000.0,8.0,0.1,1.5
7480,1,0.0,294.06889483160404,1000.0,8.0,0.1,1.5
7490,1,0.0,-294.16750225236234,2000.0,8.0,0.1,1.5
7500,1,0.0,294.07114231492295,1000.0,8.0,0.1,1.5
7510,1,0.0,-294.1566472228161,2000.0,8.0,0.1,1.5
7520,1,0.0,294.08963524323616,1000.0,8.0,0.1,1.5
7530,1,0.0,-294.1321683139456,2000.0,8.0,0.1,1.5
7540,1,0.0,294.11791350463886,1000.0,8.0,0.1,1.5
7550,1,0.0,-294.10261671288197,2000.0,8.0,0.1,1.5
7560,1,0.0,294.1460986888525,1000.0,8.0,0.1,1.5
7570,1,0.0,-294.0783156440816,2000.0,8.0,0.1,1.5
7580,1,0.0,294.16434490013836,1000.0,8.0,0.1,1.5
7590,1,0.0,-294.0677541700226,2000.0,8.0,0.1,1.5
7600,1,0.0,294.1662782119475,1000.0,8.0,0.1,1.5
7610,1,0.0,-294.07462171744936,2000.0,8.0,0.1,1.5
7620,1,0.0,294.15122326284325,1000.0,8.0,0.1,1.5
7630,1,0.0,-294.096519254465,2000.0,8.0,0.1,1.5
7640,1,0.0,294.12443917968136,1000.0,8.0,0.1,1.5
7650,1,0.0,-294.125797341394,2000.0,8.0,0.1,1.5
7660,1,0.0,294.09528241329315,1000.0,8.0,0.1,1.5
7670,1,0.0,-294.15222830013613,2000.0,8.0,0.1,1.5
7680,1,0.0,294.0739382610235,1000.0,8.0,0.1,1.5
7690,1,0.0,-294.16657903637935,2000.0,8.0,0.1,1.5
7700,1,0.0,294.0678628493353,1000.0,8.0,0.1,1.5
7710,1,0.0,-294.16383642508055,2000.0,8.0,0.1,1.5
7720,1,0.0,294.07917849432187,1000.0,8.0,0.1,1.5
7730,1,0.0,-294.14495853927195,2000.0,8.0,0.1,1.5
7740,1,0.0,294.10393231563637,1000.0,8.0,0.1,1.5
7750,1,0.0,-294.11653996758656,2000.0,8.0,0.1,1.5
7760,1,0.0,294.1334770913216,1000.0,8.0,0.1,1.5
7770,1,0.0,-294.0885081347216,2000.0,8.0,0.1,1.5
7780,1,0.0,294.1574919812223,1000.0,8.0,0.1,1.5
7790,1,0.0,-294.0706553663777,2000.0,8.0,0.1,1.5
7800,1,0.0,294.1675878933833,1000.0,8.0,0.1,1.5
7810,1,0.0,-294.0692181481647,2000.0,8.0,0.1,1.5
7820,1,0.0,294.1602380352257,1000.0,8.0,0.1,1.5
7830,1,0.0,-294.0846985417535,2000.0,8.0,0.1,1.5
7840,1,0.0,294.1380099236606,1000.0,8.0,0.1,1.5
7850,1,0.0,-294.1116888002897,2000.0,8.0,0.1,1.5
7860,1,0.0,294.1086684775645,1000.0,8.0,0.1,1.5
7870,1,0.0,-294.1407604499521,2000.0,8.0,0.1,1.5
7880,1,0.0,294.0824635082174,1000.0,8.0,0.1,1.5
7890,1,0.0,-294.161757927117,2000.0,8.0,0.1,1.5
7900,1,0.0,294.0685491653341,1000.0,8.0,0.1,1.5
7910,1,0.0,-294.16734620890946,2000.0,8.0,0.1,1.5
7920,1,0.0,294.07178612920177,1000.0,8.0,0.1,1.5
7930,1,0.0,-294.1555731477235,2000.0,8.0,0.1,1.5
7940,1,0.0,294.09104363521345,1000.0,8.0,0.1,1.5
7950,1,0.0,-294.13055141254443,2000.0,8.0,0.1,1.5
7960,1,0.0,294.1195944824773,1000.0,8.0,0.1,1.5
7970,1,0.0,-294.10102181535024,2000.0,8.0,0.1,1.5
7980,1,0.0,294.147465038631,1000.0,8.0,0.1,1.5
7990,1,0.0,-294.07729989401264,2000.0,8.0,0.1,1.5
8000,1,0.0,294.16491931656924,1000.0,8.0,0.1,1.5
8010,1,0.0,-294.0676723981388,2000.0,8.0,0.1,1.5
8020,1,0.0,294.16586003484537,1000.0,8.0,0.1,1.5
8029,1,0.0,-294.0755024890223,2000.0,8.0,0.1,1.5
8040,1,0.0,294.1499585735009,1000.0,8.0,0.1,1.5
8050,1,0.0,-294.0980548906444,2000.0,8.0,0.1,1.5
8060,1,0.0,294.1227697704714,1000.0,8.0,0.1,1.5
8070,1,0.0,-294.12745140028176,2000.0,8.0,0.1,1.5
8080,1,0.0,294.09379145688183,1000.0,8.0,0.1,1.5
8090,1,0.0,-294.1534229713752,2000.0,8.0,0.1,1.5
8100,1,0.0,294.0731465913804,1000.0,8.0,0.1,1.5
8109,1,0.0,-294.16689698693506,2000.0,8.0,0.1,1.5
8120,1,0.0,294.06804701944316,1000.0,8.0,0.1,1.5
8130,1,0.0,-294.1631665856763,2000.0,8.0,0.1,1.5
8140,1,0.0,294.0802741682635,1000.0,8.0,0.1,1.5
8150,1,0.0,-294.143534904083,2000.0,8.0,0.1,1.5
8160,1,0.0,294.10555674298115,1000.0,8.0,0.1,1.5
8170,1,0.0,-294.1148598533427,2000.0,8.0,0.1,1.5
8180,1,0.0,294.135062812863,1000.0,8.0,0.1,1.5
8189,1,0.0,-294.0871584536654,2000.0,8.0,0.1,1.5
8200,1,0.0,294.15848505880433,1000.0,8.0,0.1,1.5
8210,1,0.0,-294.0701076009326,2000.0,8.0,0.1,1.5
8220,1,0.0,294.16764141643563,1000.0,8.0,0.1,1.5
8230,1,0.0,-294.06966364856004,2000.0,8.0,0.1,1.5
8240,1,0.0,294.15933330660624,1000.0,8.0,0.1,1.5
8250,1,0.0,-294.085981681884,2000.0,8.0,0.1,1.5
8260,1,0.0,294.1364629911053,1000.0,8.0,0.1,1.5
8270,1,0.0,-294.1133613423917,2000.0,8.0,0.1,1.5
8280,1,0.0,294.1070197291205,1000.0,8.0,0.1,1.5
8290,1,0.0,-294.14223812694996,2000.0,8.0,0.1,1.5
8300,1,0.0,294.081288899151,1000.0,8.0,0.1,1.5
8310,1,0.0,-294.16252454392236,2000.0,8.0,0.1,1.5
8320,1,0.0,294.0682590203859,1000.0,8.0,0.1,1.5
8330,1,0.0,-294.1671339642165,2000.0,8.0,0.1,1.5
8340,1,0.0,294.07248180434965,1000.0,8.0,0.1,1.5
8350,1,0.0,-294.1544561847097,2000.0,8.0,0.1,1.5
8360,1,0.0,294.09248211111355,1000.0,8.0,0.1,1.5
8370,1,0.0,-294.12891991852587,2000.0,8.0,0.1,1.5
8380,1,0.0,294.1212732581126,1000.0,8.0,0.1,1.5
8390,1,0.0,-294.0994457181259,2000.0,8.0,0.1,1.5
8400,1,0.0,294.1487976693734,1000.0,8.0,0.1,1.5
8410,1,0.0,-294.0763297696876,2000.0,8.0,0.1,1.5
8420,1,0.0,294.1654402761603,1000.0,8.0,0.1,1.5
8430,1,0.0,-294.06764713905045,2000.0,8.0,0.1,1.5
8440,1,0.0,294.1653873371119,1000.0,8.0,0.1,1.5
8450,1,0.0,-294.0764309188969,2000.0,8.0,0.1,1.5
8460,1,0.0,294.1486573453608,1000.0,8.0,0.1,1.5
8470,1,0.0,-294.09961268221565,2000.0,8.0,0.1,1.5
8480,1,0.0,294.1210945683506,1000.0,8.0,0.1,1.5
8490,1,0.0,-294.1290943721359,2000.0,8.0,0.1,1.5
8500,1,0.0,294.092327477077,1000.0,8.0,0.1,1.5
8510,1,0.0,-294.154577186175,2000.0,8.0,0.1,1.5
8520,1,0.0,294.07240524415624,1000.0,8.0,0.1,1.5
8530,1,0.0,-294.1671592442439,2000.0,8.0,0.1,1.5
8540,1,0.0,294.0682872787139,1000.0,8.0,0.1,1.5
8550,1,0.0,-294.1624452714711,2000.0,8.0,0.1,1.5
8560,1,0.0,294.08141210455346,1000.0,8.0,0.1,1.5
8570,1,0.0,-294.14208199416794,2000.0,8.0,0.1,1.5
8580,1,0.0,294.1071948424057,1000.0,8.0,0.1,1.5
8590,1,0.0,-294.1131828909516,2000.0,8.0,0.1,1.5
8600,1,0.0,294.13662884016463,1000.0,8.0,0.1,1.5
8610,1,0.0,-294.08584325000794,2000.0,8.0,0.1,1.5
8620,1,0.0,294.1594319555918,1000.0,8.0,0.1,1.5
8630,1,0.0,-294.069613594485,2000.0,8.0,0.1,1.5
8640,1,0.0,294.1676384044186,1000.0,8.0,0.1,1.5
8650,1,0.0,-294.0701634099871,2000.0,8.0,0.1,1.5
8660,1,0.0,294.15838143796896,1000.0,8.0,0.1,1.5
8670,1,0.0,-294.08730063014104,2000.0,8.0,0.1,1.5
8680,1,0.0,294.1348947809482,1000.0,8.0,0.1,1.5
8690,1,0.0,-294.1150387309061,2000.0,8.0,0.1,1.5
8700,1,0.0,294.1053829983691,1000.0,8.0,0.1,1.5
8710,1,0.0,-294.14368799565494,2000.0,8.0,0.1,1.5
8720,1,0.0,294.08015540494586,1000.0,8.0,0.1,1.5
8730,1,0.0,-294.16324041196617,2000.0,8.0,0.1,1.5
8740,1,0.0,294.0680247248636,1000.0,8.0,0.1,1.5
8750,1,0.0,-294.16686575829584,2000.0,8.0,0.1,1.5
8760,1,0.0,294.073228553677,1000.0,8.0,0.1,1.5
8770,1,0.0,-294.15329759686904,2000.0,8.0,0.1,1.5
8780,1,0.0,294.0939490442663,1000.0,8.0,0.1,1.5
8790,1,0.0,-294.12727567683066,2000.0,8.0,0.1,1.5
8800,1,0.0,294.1229479331366,1000.0,8.0,0.1,1.5
8810,1,0.0,-294.0978902035054,2000.0,8.0,0.1,1.5
8820,1,0.0,294.150095074102,1000.0,8.0,0.1,1.5
8830,1,0.0,-294.0754063681512,2000.0,8.0,0.1,1.5
8840,1,0.0,294.1659071897953,1000.0,8.0,0.1,1.5
8850,1,0.0,-294.06767842132126,2000.0,8.0,0.1,1.5
8860,1,0.0,294.16486065328735,1000.0,8.0,0.1,1.5
8870,1,0.0,-294.0774059571777,2000.0,8.0,0.1,1.5
8880,1,0.0,294.14732104988946,1000.0,8.0,0.1,1.5
8890,1,0.0,-294.1011908675829,2000.0,8.0,0.1,1.5
8900,1,0.0,294.119415467686,1000.0,8.0,0.1,1.5
8910,1,0.0,-294.1307243990362,2000.0,8.0,0.1,1.5
8920,1,0.0,294.0908921293894,1000.0,8.0,0.1,1.5
8930,1,0.0,-294.1556896393158,2000.0,8.0,0.1,1.5
8940,1,0.0,294.0717150576881,1000.0,8.0,0.1,1.5
8950,1,0.0,-294.1673655117378,2000.0,8.0,0.1,1.5
8960,1,0.0,294.0685833554553,1000.0,8.0,0.1,1.5
8970,1,0.0,-294.161673298148,2000.0,8.0,0.1,1.5
8980,1,0.0,294.0825910163805,1000.0,8.0,0.1,1.5
8990,1,0.0,-294.14060145251943,2000.0,8.0,0.1,1.5
9000,1,-20.0,294.10884476149965,1000.0,8.0,0.1,1.5
9010,1,-20.0,-294.111510976771,2000.0,8.0,0.1,1.5
9020,1,-20.0,294.1381734023176,1000.0,8.0,0.1,1.5
9030,1,-20.0,-294.0845640110198,2000.0,8.0,0.1,1.5
9040,1,-20.0,294.1603316008063,1000.0,8.0,0.1,1.5
9050,1,-20.0,-294.06917390567185,2000.0,8.0,0.1,1.5
9060,1,-20.0,294.16757886073833,1000.0,8.0,0.1,1.5
9070,1,-20.0,-294.07071686730126,2000.0,8.0,0.1,1.5
9080,1,-20.0,294.1573835057145,1000.0,8.0,0.1,1.5
9090,1,-20.0,-294.0886538950196,2000.0,8.0,0.1,1.5
9100,1,-20.0,294.1333070665667,1000.0,8.0,0.1,1.5
9110,1,-20.0,-294.11671906899335,2000.0,8.0,0.1,1.5
9120,1,-20.0,294.1037601361729,1000.0,8.0,0.1,1.5
9130,1,-20.0,-294.1451084165134,2000.0,8.0,0.1,1.5
9140,1,-20.0,294.0790643073901,1000.0,8.0,0.1,1.5
9150,1,-20.0,-294.1639047217242,2000.0,8.0,0.1,1.5
9160,1,-20.0,294.06784654371563,1000.0,8.0,0.1,1.5
9170,1,-20.0,-294.1665418944426,2000.0,8.0,0.1,1.5
9180,1,-20.0,294.074025532738,1000.0,8.0,0.1,1.5
9190,1,-20.0,-294.1520986943662,2000.0,8.0,0.1,1.5
9200,1,-20.0,294.09544277582114,1000.0,8.0,0.1,1.5
9210,1,-20.0,-294.125620546815,2000.0,8.0,0.1,1.5
9220,1,-20.0,294.12461661377813,1000.0,8.0,0.1,1.5
9230,1,-20.0,-294.09635703050986,2000.0,8.0,0.1,1.5
9240,1,-20.0,294.151355785674,1000.0,8.0,0.1,1.5
9250,1,-20.0,-294.0745307336128,2000.0,8.0,0.1,1.5
9260,1,-20.0,294.1663195294747,1000.0,8.0,0.1,1.5
9270,1,-20.0,-294.06776620957635,2000.0,8.0,0.1,1.5
9280,1,-20.0,294.1642805789611,1000.0,8.0,0.1,1.5
9290,1,-20.0,-294.07842650126315,2000.0,8.0,0.1,1.5
9300,1,-20.0,294.1459511982085,1000.0,8.0,0.1,1.5
9310,1,-20.0,-294.1027876620884,2000.0,8.0,0.1,1.5
9320,1,-20.0,294.11773436725343,1000.0,8.0,0.1,1.5
9330,1,-20.0,-294.1323396377009,2000.0,8.0,0.1,1.5
9340,1,-20.0,294.08948703695177,1000.0,8.0,0.1,1.5
9350,1,-20.0,-294.15675907280354,2000.0,8.0,0.1,1.5
9360,1,-20.0,294.0710768124587,1000.0,8.0,0.1,1.5
9370,1,-20.0,-294.1675155561633,2000.0,8.0,0.1,1.5
9380,1,-20.0,294.0689349148552,1000.0,8.0,0.1,1.5
9390,1,-20.0,-294.16085153867675,2000.0,8.0,0.1,1.5
9400,1,-20.0,294.0838095705969,1000.0,8.0,0.1,1.5
9410,1,-20.0,-294.1390949533769,2000.0,8.0,0.1,1.5
9420,1,-20.0,294.11050463448663,1000.0,8.0,0.1,1.5
9430,1,-20.0,-294.10984600144985,2000.0,8.0,0.1,1.5
9440,1,-20.0,294.139694752686,1000.0,8.0,0.1,1.5
9450,1,-20.0,-294.0833221833014,2000.0,8.0,0.1,1.5
9460,1,-20.0,294.16118297710295,1000.0,8.0,0.1,1.5
9470,1,-20.0,-294.0687890317058,2000.0,8.0,0.1,1.5
9480,1,-20.0,294.16746285272853,1000.0,8.0,0.1,1.5
9490,1,-20.0,-294.0713233946368,2000.0,8.0,0.1,1.5
9500,1,-20.0,294.15634063833363,1000.0,8.0,0.1,1.5
9510,1,-20.0,-294.09003994620855,2000.0,8.0,0.1,1.5
9520,1,-20.0,294.1317016433944,1000.0,8.0,0.1,1.5
9530,1,-20.0,-294.1184004564784,2000.0,8.0,0.1,1.5
9540,1,-20.0,294.10215297771157,1000.0,8.0,0.1,1.5
9550,1,-20.0,-294.1464977832722,2000.0,8.0,0.1,1.5
9560,1,-20.0,294.0780168403285,1000.0,8.0,0.1,1.5
9570,1,-20.0,-294.1645167219756,2000.0,8.0,0.1,1.5
9580,1,-20.0,294.06772467843416,1000.0,8.0,0.1,1.5
9590,1,-20.0,-294.16616273889144,2000.0,8.0,0.1,1.5
9600,1,-20.0,294.07487184028565,1000.0,8.0,0.1,1.5
9610,1,-20.0,-294.1508608329548,2000.0,8.0,0.1,1.5
9620,1,-20.0,294.09696161662305,1000.0,8.0,0.1,1.5
9630,1,-20.0,-294.12395640014796,2000.0,8.0,0.1,1.5
9640,1,-20.0,294.1262774130449,1000.0,8.0,0.1,1.5
9650,1,-20.0,-294.0948479328957,2000.0,8.0,0.1,1.5
9660,1,-20.0,294.15257837844024,1000.0,8.0,0.1,1.5
9670,1,-20.0,-294.0737038562651,2000.0,8.0,0.1,1.5
9680,1,-20.0,294.16667682891295,1000.0,8.0,0.1,1.5
9690,1,-20.0,-294.06791040454226,2000.0,8.0,0.1,1.5
9700,1,-20.0,294.163647770098,1000.0,8.0,0.1,1.5
9710,1,-20.0,-294.07949139709245,2000.0,8.0,0.1,1.5
9720,1,-20.0,294.144549339386,1000.0,8.0,0.1,1.5
9730,1,-20.0,-294.10440126003067,2000.0,8.0,0.1,1.5
9740,1,-20.0,294.1160531680899,1000.0,8.0,0.1,1.5
9750,1,-20.0,-294.1339382615715,2000.0,8.0,0.1,1.5
9760,1,-20.0,294.0881137886835,1000.0,8.0,0.1,1.5
9770,1,-20.0,-294.1577842772916,2000.0,8.0,0.1,1.5
9780,1,-20.0,294.07049123021443,1000.0,8.0,0.1,1.5
9790,1,-20.0,-294.167609207846,2000.0,8.0,0.1,1.5
9800,1,-20.0,294.06934155936005,1000.0,8.0,0.1,1.5
9810,1,-20.0,-294.1599809223269,2000.0,8.0,0.1,1.5
9820,1,-20.0,294.08506638922614,1000.0,8.0,0.1,1.5
9830,1,-20.0,-294.13756420033326,2000.0,8.0,0.1,1.5
9840,1,-20.0,294.11217258433425,1000.0,8.0,0.1,1.5
9850,1,-20.0,-294.1081898477907,2000.0,8.0,0.1,1.5
9860,1,-20.0,294.1411911708829,1000.0,8.0,0.1,1.5
9870,1,-20.0,-294.08211917114767,2000.0,8.0,0.1,1.5
9880,1,-20.0,294.1619851217208,1000.0,8.0,0.1,1.5
9890,1,-20.0,-294.06845940781363,2000.0,8.0,0.1,1.5
9900,1,-20.0,294.16729051157444,1000.0,8.0,0.1,1.5
9910,1,-20.0,-294.07198230611516,2000.0,8.0,0.1,1.5
9920,1,-20.0,294.155254015131,1000.0,8.0,0.1,1.5
9930,1,-20.0,-294.091457216321,2000.0,8.0,0.1,1.5
9940,1,-20.0,294.1300803268903,1000.0,8.0,0.1,1.5
9950,1,-20.0,-294.1200809919996,2000.0,8.0,0.1,1.5
9960,1,-20.0,294.1005633404064,1000.0,8.0,0.1,1.5
9970,1,-20.0,-294.1478545247952,2000.0,8.0,0.1,1.5
9980,1,-20.0,294.0770141882671,1000.0,8.0,0.1,1.5
9990,1,-20.0,-294.1650757206528,2000.0,8.0,0.1,1.5
10000,1,-20.0,294.0676592668281,1000.0,8.0,0.1,1.5
10010,1,-20.0,-294.16572872040234,2000.0,8.0,0.1,1.5
10020,1,-20.0,294.0757665192908,1000.0,8.0,0.1,1.5
10030,1,-20.0,-294.1495854124445,2000.0,8.0,0.1,1.5
10040,1,-20.0,294.09850384912284,1000.0,8.0,0.1,1.5
10050,1,-20.0,-294.1222851186947,2000.0,8.0,0.1,1.5
10060,1,-20.0,294.1279284528568,1000.0,8.0,0.1,1.5
10070,1,-20.0,-294.09336461719425,2000.0,8.0,0.1,1.5
10080,1,-20.0,294.1537614698573,1000.0,8.0,0.1,1.5
10090,1,-20.0,-294.07292667116525,2000.0,8.0,0.1,1.5
10100,1,-20.0,294.1669786840654,1000.0,8.0,0.1,1.5
10110,1,-20.0,-294.06811084315905,2000.0,8.0,0.1,1.5
10120,1,-20.0,294.16296294229664,1000.0,8.0,0.1,1.5
10130,1,-20.0,-294.08059944045044,2000.0,8.0,0.1,1.5
10140,1,-20.0,294.1431170586845,1000.0,8.0,0.1,1.5
10150,1,-20.0,-294.10602983670634,2000.0,8.0,0.1,1.5
10160,1,-20.0,294.1143737713443,1000.0,8.0,0.1,1.5
10170,1,-20.0,-294.1355184628775,2000.0,8.0,0.1,1.5
10180,1,-20.0,294.0867739374935,1000.0,8.0,0.1,1.5
10190,1,-20.0,-294.1587640934492,2000.0,8.0,0.1,1.5
10200,1,-20.0,294.0699589731485,1000.0,8.0,0.1,1.5
10210,1,-20.0,-294.16764636088175,2000.0,8.0,0.1,1.5
10220,1,-20.0,294.0698028291245,1000.0,8.0,0.1,1.5
10230,1,-20.0,-294.15906243361655,2000.0,8.0,0.1,1.5
10240,1,-20.0,294.08636005102136,1000.0,8.0,0.1,1.5
10250,1,-20.0,-294.1360109244085,2000.0,8.0,0.1,1.5
10260,1,-20.0,294.1138467248763,1000.0,8.0,0.1,1.5
10270,1,-20.0,-294.10654438861997,2000.0,8.0,0.1,1.5
10280,1,-20.0,294.14266096471516,1000.0,8.0,0.1,1.5
10290,1,-20.0,-294.08095633495947,2000.0,8.0,0.1,1.5
10300,1,-20.0,294.1627371275714,1000.0,8.0,0.1,1.5
10310,1,-20.0,-294.0681854067436,2000.0,8.0,0.1,1.5
10320,1,-20.0,294.16706203216444,1000.0,8.0,0.1,1.5
10330,1,-20.0,-294.07269285662005,2000.0,8.0,0.1,1.5
10340,1,-20.0,294.1541248648917,1000.0,8.0,0.1,1.5
10350,1,-20.0,-294.0929041026668,2000.0,8.0,0.1,1.5
10360,1,-20.0,294.12844495048614,1000.0,8.0,0.1,1.5
10370,1,-20.0,-294.1217587751585,2000.0,8.0,0.1,1.5
10380,1,-20.0,294.0989930218654,1000.0,8.0,0.1,1.5
10390,1,-20.0,-294.1491771068398,2000.0,8.0,0.1,1.5
10400,1,-20.0,294.0760574850341,1000.0,8.0,0.1,1.5
10410,1,-20.0,-294.16558108562384,2000.0,8.0,0.1,1.5
10420,1,-20.0,294.0676503828668,1000.0,8.0,0.1,1.5
10430,1,-20.0,-294.1652403297761,2000.0,8.0,0.1,1.5
10440,1,-20.0,294.07670855802456,1000.0,8.0,0.1,1.5
10450,1,-20.0,-294.14827387511775,2000.0,8.0,0.1,1.5
10460,1,-20.0,294.1000677293193,1000.0,8.0,0.1,1.5
10470,1,-20.0,-294.1206085923889,2000.0,8.0,0.1,1.5
10480,1,-20.0,294.1295678661702,1000.0,8.0,0.1,1.5
10490,1,-20.0,-294.09190876078196,2000.0,8.0,0.1,1.5
10500,1,-20.0,294.1549037220511,1000.0,8.0,0.1,1.5
10510,1,-20.0,-294.07220005717653,2000.0,8.0,0.1,1.5
10520,1,-20.0,294.16722475358546,1000.0,8.0,0.1,1.5
10530,1,-20.0,-294.06836729876494,2000.0,8.0,0.1,1.5
10540,1,-20.0,294.1622268699802,1000.0,8.0,0.1,1.5
10550,1,-20.0,-294.08174937832956,2000.0,8.0,0.1,1.5
10560,1,-20.0,294.1416559757686,1000.0,8.0,0.1,1.5
10570,1,-20.0,-294.1076715504736,2000.0,8.0,0.1,1.5
10580,1,-20.0,294.112698076127,1000.0,8.0,0.1,1.5
10590,1,-20.0,-294.13707845468156,2000.0,8.0,0.1,1.5
10600,1,-20.0,294.0854689985244,1000.0,8.0,0.1,1.5
10610,1,-20.0,-294.15969741327166,2000.0,8.0,0.1,1.5
10620,1,-20.0,294.0694806431527,1000.0,8.0,0.1,1.5
10630,1,-20.0,-294.16762697325686,2000.0,8.0,0.1,1.5
10640,1,-20.0,294.07031820253127,1000.0,8.0,0.1,1.5
10650,1,-20.0,-294.1580971111994,2000.0,8.0,0.1,1.5
10660,1,-20.0,294.0876890930723,1000.0,8.0,0.1,1.5
10670,1,-20.0,-294.13443688209196,2000.0,8.0,0.1,1.5
10680,1,-20.0,294.1155251629462,1000.0,8.0,0.1,1.5
10690,1,-20.0,-294.10491148467065,2000.0,8.0,0.1,1.5
10700,1,-20.0,294.1441024720973,1000.0,8.0,0.1,1.5
10710,1,-20.0,-294.07983498970583,2000.0,8.0,0.1,1.5
10720,1,-20.0,294.1634381442647,1000.0,8.0,0.1,1.5
10730,1,-20.0,-294.06796733834403,2000.0,8.0,0.1,1.5
10740,1,-20.0,294.1667776728696,1000.0,8.0,0.1,1.5
10750,1,-20.0,-294.07345424264037,2000.0,8.0,0.1,1.5
10760,1,-20.0,294.1529544644915,1000.0,8.0,0.1,1.5
10770,1,-20.0,-294.0943789690649,2000.0,8.0,0.1,1.5
10780,1,-20.0,294.12679736351294,1000.0,8.0,0.1,1.5
10790,1,-20.0,-294.1234319086694,2000.0,8.0,0.1,1.5
10800,1,-20.0,294.09744379785036,1000.0,8.0,0.1,1.5
10810,1,-20.0,-294.1504640337917,2000.0,8.0,0.1,1.5
10820,1,-20.0,294.0751478124971,1000.0,8.0,0.1,1.5
10830,1,-20.0,-294.1660322454074,2000.0,8.0,0.1,1.5
10840,1,-20.0,294.0676980365965,1000.0,8.0,0.1,1.5
10850,1,-20.0,-294.164698119299,2000.0,8.0,0.1,1.5
10860,1,-20.0,294.0776968912021,1000.0,8.0,0.1,1.5
10870,1,-20.0,-294.146927704099,2000.0,8.0,0.1,1.5
10880,1,-20.0,294.10165148873125,1000.0,8.0,0.1,1.5
10890,1,-20.0,-294.11892871709506,2000.0,8.0,0.1,1.5
10900,1,-20.0,294.131193799089,1000.0,8.0,0.1,1.5
10910,1,-20.0,-294.0904820099834,2000.0,8.0,0.1,1.5
10920,1,-20.0,294.1560038433297,1000.0,8.0,0.1,1.5
10930,1,-20.0,-294.0715248359751,2000.0,8.0,0.1,1.5
10940,1,-20.0,294.1674147592107,1000.0,8.0,0.1,1.5
10950,1,-20.0,-294.06867948135255,2000.0,8.0,0.1,1.5
10960,1,-20.0,294.16144038552056,1000.0,8.0,0.1,1.5
10970,1,-20.0,-294.0829399103468,2000.0,8.0,0.1,1.5
10980,1,-20.0,294.14016774287313,1000.0,8.0,0.1,1.5
10990,1,-20.0,-294.109324544835,2000.0,8.0,0.1,1.5
11000,1,-20.0,294.11102797736294,1000.0,8.0,0.1,1.5
11010,1,-20.0,-294.13861647289974,2000.0,8.0,0.1,1.5
11020,1,-20.0,294.08420044743895,1000.0,8.0,0.1,1.5
11030,1,-20.0,-294.16058318133395,2000.0,8.0,0.1,1.5
11040,1,-20.0,294.0690567811365,1000.0,8.0,0.1,1.5
11050,1,-20.0,-294.16755106689544,2000.0,8.0,0.1,1.5
11060,1,-20.0,294.0708870967811,1000.0,8.0,0.1,1.5
11070,1,-20.0,-294.15708604669015,2000.0,8.0,0.1,1.5
11080,1,-20.0,294.0890520124596,1000.0,8.0,0.1,1.5
11090,1,-20.0,-294.1328438533564,2000.0,8.0,0.1,1.5
11100,1,-20.0,294.1172060005175,1000.0,8.0,0.1,1.5
11110,1,-20.0,-294.1032929824779,2000.0,8.0,0.1,1.5
11120,1,-20.0,294.14551406293094,1000.0,8.0,0.1,1.5
11130,1,-20.0,-294.07875640343644,2000.0,8.0,0.1,1.5
11140,1,-20.0,294.1640873790708,1000.0,8.0,0.1,1.5
11150,1,-20.0,-294.067805449213,2000.0,8.0,0.1,1.5
11160,1,-20.0,294.1664377552517,1000.0,8.0,0.1,1.5
11170,1,-20.0,-294.07426560317873,2000.0,8.0,0.1,1.5
11180,1,-20.0,294.1517441374531,1000.0,8.0,0.1,1.5
11190,1,-20.0,-294.09588014769366,2000.0,8.0,0.1,1.5
11200,1,-20.0,294.1251394291099,1000.0,8.0,0.1,1.5
11210,1,-20.0,-294.1250985005043,2000.0,8.0,0.1,1.5
11220,1,-20.0,294.0959174202687,1000.0,8.0,0.1,1.5
11230,1,-20.0,-294.1517138503567,2000.0,8.0,0.1,1.5
11240,1,-20.0,294.07428619934024,1000.0,8.0,0.1,1.5
11250,1,-20.0,-294.16642868981893,2000.0,8.0,0.1,1.5
11260,1,-20.0,294.06780217412893,1000.0,8.0,0.1,1.5
11270,1,-20.0,-294.1641027021182,2000.0,8.0,0.1,1.5
11280,1,-20.0,294.07873040118767,1000.0,8.0,0.1,1.5
11290,1,-20.0,-294.1455484216776,2000.0,8.0,0.1,1.5
11300,1,-20.0,294.10325333639776,1000.0,8.0,0.1,1.5
11310,1,-20.0,-294.1172473924649,2000.0,8.0,0.1,1.5
11320,1,-20.0,294.1328044129611,1000.0,8.0,0.1,1.5
11330,1,-20.0,-294.0890859782099,2000.0,8.0,0.1,1.5
11340,1,-20.0,294.1570605896442,1000.0,8.0,0.1,1.5
11350,1,-20.0,-294.07090177112076,2000.0,8.0,0.1,1.5
11360,1,-20.0,294.1675484860771,1000.0,8.0,0.1,1.5
11370,1,-20.0,-294.0690470378967,2000.0,8.0,0.1,1.5
11380,1,-20.0,294.1606043782972,1000.0,8.0,0.1,1.5
11390,1,-20.0,-294.0841696902139,2000.0,8.0,0.1,1.5
11400,1,-20.0,294.1386540429352,1000.0,8.0,0.1,1.5
11410,1,-20.0,-294.1109869505365,2000.0,8.0,0.1,1.5
11420,1,-20.0,294.10936536364807,1000.0,8.0,0.1,1.5
11430,1,-20.0,-294.14013077829645,2000.0,8.0,0.1,1.5
11440,1,-20.0,294.08296971875154,1000.0,8.0,0.1,1.5
11450,1,-20.0,-294.1614203959839,2000.0,8.0,0.1,1.5
11460,1,-20.0,294.06868786641536,1000.0,8.0,0.1,1.5
11470,1,-20.0,-294.1674187276345,2000.0,8.0,0.1,1.5
11480,1,-20.0,294.07150886855203,1000.0,8.0,0.1,1.5
11490,1,-20.0,-294.1560303834297,2000.0,8.0,0.1,1.5
11500,1,-20.0,294.0904472679545,1000.0,8.0,0.1,1.5
11510,1,-20.0,-294.1312336396449,2000.0,8.0,0.1,1.5
11520,1,-20.0,294.1188873368503,1000.0,8.0,0.1,1.5
11530,1,-20.0,-294.1016907122909,2000.0,8.0,0.1,1.5
11540,1,-20.0,294.14689414094823,1000.0,8.0,0.1,1.5
11550,1,-20.0,-294.0777217958479,2000.0,8.0,0.1,1.5
11560,1,-20.0,294.164684097816,1000.0,8.0,0.1,1.5
11570,1,-20.0,-294.06769992241937,2000.0,8.0,0.1,1.5
11580,1,-20.0,294.1660426636995,1000.0,8.0,0.1,1.5
11590,1,-20.0,-294.0751260207251,2000.0,8.0,0.1,1.5
11600,1,-20.0,294.1504952524494,1000.0,8.0,0.1,1.5
11610,1,-20.0,-294.09740594097667,2000.0,8.0,0.1,1.5
11620,1,-20.0,294.1234730221172,1000.0,8.0,0.1,1.5
11630,1,-20.0,-294.1267566660329,2000.0,8.0,0.1,1.5
11640,1,-20.0,294.0944156151924,1000.0,8.0,0.1,1.5
11650,1,-20.0,-294.15292514320595,2000.0,8.0,0.1,1.5
11660,1,-20.0,294.07347361990065,1000.0,8.0,0.1,1.5
11670,1,-20.0,-294.16676997054753,2000.0,8.0,0.1,1.5
11680,1,-20.0,294.0679626777024,1000.0,8.0,0.1,1.5
11690,1,-20.0,-294.16345475154895,2000.0,8.0,0.1,1.5
11700,1,-20.0,294.0798079192582,1000.0,8.0,0.1,1.5
11710,1,-20.0,-294.14413758758593,2000.0,8.0,0.1,1.5
11720,1,-20.0,294.104871460903,1000.0,8.0,0.1,1.5
11730,1,-20.0,-294.115566519789,2000.0,8.0,0.1,1.5
11740,1,-20.0,294.1343978864575,1000.0,8.0,0.1,1.5
11750,1,-20.0,-294.08772224413445,2000.0,8.0,0.1,1.5
11760,1,-20.0,294.1580727659951,1000.0,8.0,0.1,1.5
11770,1,-20.0,-294.07033156719325,2000.0,8.0,0.1,1.5
11780,1,-20.0,294.1676257829626,1000.0,8.0,0.1,1.5
11790,1,-20.0,-294.06946955275384,2000.0,8.0,0.1,1.5
11800,1,-20.0,294.1597197936913,1000.0,8.0,0.1,1.5
11810,1,-20.0,-294.0854373272603,2000.0,8.0,0.1,1.5
11820,1,-20.0,294.1371165876904,1000.0,8.0,0.1,1.5
11830,1,-20.0,-294.1126568876817,2000.0,8.0,0.1,1.5
11840,1,-20.0,294.1077121151143,1000.0,8.0,0.1,1.5
11850,1,-20.0,-294.14161965845113,2000.0,8.0,0.1,1.5
11860,1,-20.0,294.0817782042059,1000.0,8.0,0.1,1.5
11870,1,-20.0,-294.1622081104748,2000.0,8.0,0.1,1.5
11880,1,-20.0,294.0683743161687,1000.0,8.0,0.1,1.5
11890,1,-20.0,-294.16723010512726,2000.0,8.0,0.1,1.5
11900,1,-20.0,294.07218281472643,1000.0,8.0,0.1,1.5
11910,1,-20.0,-294.15493131519275,2000.0,8.0,0.1,1.5
11920,1,-20.0,294.0918732817617,1000.0,8.0,0.1,1.5
11930,1,-20.0,-294.12960806183384,2000.0,8.0,0.1,1.5
11940,1,-20.0,294.1205672706408,1000.0,8.0,0.1,1.5
11950,1,-20.0,-294.1001064860033,2000.0,8.0,0.1,1.5
11960,1,-20.0,294.1482411455169,1000.0,8.0,0.1,1.5
11970,1,-20.0,-294.07673233690446,2000.0,8.0,0.1,1.5
11980,1,-20.0,294.1652276257136,1000.0,8.0,0.1,1.5
11990,1,-20.0,-294.067650877296,2000.0,8.0,0.1,1.5
